neighbors,residue 1 position,residue 1,residue 1 domain,atom 1,residue 2 position,residue 2 domain,residue 2,atom 2,frames with contact,total frames,proportion frames (%)
SER715_HG-TRP936_HD1,715,SER,HVR,HG,936,Macro Domain nsP3,TRP,HD1,209654,245000,85.6
PRO717_N-TRP936_HE1,717,PRO,HVR,N,936,Macro Domain nsP3,TRP,HE1,191799,245000,78.3
PRO717_CG-ASN940_HB2,717,PRO,HVR,CG,940,Macro Domain nsP3,ASN,HB2,143017,245000,58.4
GLY729_HA3-THR342_HA,729,GLY,HVR,HA3,342,Putative Capping Pore nsP1,THR,HA,138756,245000,56.6
GLY729_O-ARG345_HE,729,GLY,HVR,O,345,Putative Capping Pore nsP1,ARG,HE,137700,245000,56.2
LEU730_N-ARG345_HE,730,LEU,HVR,N,345,Putative Capping Pore nsP1,ARG,HE,190993,245000,78.0
LEU730_N-ARG345_HH21,730,LEU,HVR,N,345,Putative Capping Pore nsP1,ARG,HH21,173856,245000,71.0
PRO731_C-ARG345_CZ,731,PRO,HVR,C,345,Putative Capping Pore nsP1,ARG,CZ,174455,245000,71.2
PRO731_C-ARG345_NH1,731,PRO,HVR,C,345,Putative Capping Pore nsP1,ARG,NH1,186309,245000,76.0
PRO731_C-ARG345_HH12,731,PRO,HVR,C,345,Putative Capping Pore nsP1,ARG,HH12,132077,245000,53.9
HIE732_CA-ARG345_HH11,732,HIE,HVR,CA,345,Putative Capping Pore nsP1,ARG,HH11,155666,245000,63.5
HIE732_CE1-ARG345_HH11,732,HIE,HVR,CE1,345,Putative Capping Pore nsP1,ARG,HH11,231418,245000,94.5
HIE732_HE1-ARG345_HH11,732,HIE,HVR,HE1,345,Putative Capping Pore nsP1,ARG,HH11,199966,245000,81.6
HIE732_NE2-ARG345_HH11,732,HIE,HVR,NE2,345,Putative Capping Pore nsP1,ARG,HH11,192313,245000,78.5
ILE740_HG21-ALA943_H,740,ILE,HVR,HG21,943,between Macro Domain nsP3 and Helicase nsP4,ALA,H,135625,245000,55.4
TRP741_CE2-GLN944_O,741,TRP,HVR,CE2,944,Helicase nsP4,GLN,O,146556,245000,59.8
ALA742_N-PRO942_HA,742,ALA,HVR,N,942,between Macro Domain nsP3 and Helicase nsP4,PRO,HA,151738,245000,61.9
ALA742_N-ALA943_H,742,ALA,HVR,N,943,between Macro Domain nsP3 and Helicase nsP4,ALA,H,161894,245000,66.1
ALA742_N-GLN944_H,742,ALA,HVR,N,944,Helicase nsP4,GLN,H,200989,245000,82.0
ALA742_CA-LYS941_O,742,ALA,HVR,CA,941,Macro Domain nsP3,LYS,O,205830,245000,84.0
ALA742_CB-ALA939_O,742,ALA,HVR,CB,939,Macro Domain nsP3,ALA,O,229569,245000,93.7
ALA742_CB-ASN940_HA,742,ALA,HVR,CB,940,Macro Domain nsP3,ASN,HA,167949,245000,68.6
LEU743_CA-ALA939_O,743,LEU,HVR,CA,939,Macro Domain nsP3,ALA,O,195096,245000,79.6
PRO746_HB3-TRP936_HB2,746,PRO,HVR,HB3,936,Macro Domain nsP3,TRP,HB2,182182,245000,74.4
ASP753_OD1-ARG661_HH12,753,ASP,HVR,OD1,661,Metal Binding Domain nsP2,ARG,HH12,152667,245000,62.3
ASP753_OD1-ARG661_HH22,753,ASP,HVR,OD1,661,Metal Binding Domain nsP2,ARG,HH22,235587,245000,96.2
ASP753_OD2-ARG661_HH12,753,ASP,HVR,OD2,661,Metal Binding Domain nsP2,ARG,HH12,138647,245000,56.6
ASP753_OD2-ARG661_HH22,753,ASP,HVR,OD2,661,Metal Binding Domain nsP2,ARG,HH22,229201,245000,93.6
ASP753_C-ARG661_HH22,753,ASP,HVR,C,661,Metal Binding Domain nsP2,ARG,HH22,230641,245000,94.1
SER756_N-THR930_HB,756,SER,HVR,N,930,Macro Domain nsP3,THR,HB,185751,245000,75.8
ASN768_HD22-GLU931_O,768,ASN,HVR,HD22,931,Macro Domain nsP3,GLU,O,223821,245000,91.4
ASN768_C-GLU931_HB3,768,ASN,HVR,C,931,Macro Domain nsP3,GLU,HB3,189630,245000,77.4
ARG791_NH2-ASP814_CG,791,ARG,HVR,NH2,814,Macro Domain nsP3,ASP,CG,152455,245000,62.2
ARG791_NH2-ASP814_OD1,791,ARG,HVR,NH2,814,Macro Domain nsP3,ASP,OD1,143175,245000,58.4
ARG791_NH2-ASP814_OD2,791,ARG,HVR,NH2,814,Macro Domain nsP3,ASP,OD2,163392,245000,66.7
ARG791_C-ASP814_CG,791,ARG,HVR,C,814,Macro Domain nsP3,ASP,CG,179700,245000,73.3
ARG791_C-ASP814_OD2,791,ARG,HVR,C,814,Macro Domain nsP3,ASP,OD2,157960,245000,64.5
PRO716_HD3-TRP936_HE1,716,PRO,HVR,HD3,936,Macro Domain nsP3,TRP,HE1,192115,245000,78.4
HIE732_CD2-TRP362_O,732,HIE,HVR,CD2,362,Putative Capping Pore nsP1,TRP,O,221618,245000,90.5
LEU743_CD1-GLN944_HB2,743,LEU,HVR,CD1,944,Helicase nsP4,GLN,HB2,137401,245000,56.1
PRO746_HB3-TRP936_HD1,746,PRO,HVR,HB3,936,Macro Domain nsP3,TRP,HD1,163177,245000,66.6
PRO746_CA-TRP936_HB2,746,PRO,HVR,CA,936,Macro Domain nsP3,TRP,HB2,166755,245000,68.1
SER747_HG-VAL910_H,747,SER,HVR,HG,910,Macro Domain nsP3,VAL,H,139041,245000,56.8
PRO769_CG-GLU931_OE1,769,PRO,HVR,CG,931,Macro Domain nsP3,GLU,OE1,158151,245000,64.6
ARG791_C-ASP814_OD1,791,ARG,HVR,C,814,Macro Domain nsP3,ASP,OD1,137979,245000,56.3
PRO731_N-ARG345_HD2,731,PRO,HVR,N,345,Putative Capping Pore nsP1,ARG,HD2,122696,245000,50.1
HIE732_CE1-ARG345_HD2,732,HIE,HVR,CE1,345,Putative Capping Pore nsP1,ARG,HD2,122529,245000,50.0
PRO735_HB3-GLU44_HG2,735,PRO,HVR,HB3,44,Putative Capping Pore nsP1,GLU,HG2,141676,245000,57.8
PRO736_CG-LEU41_HA,736,PRO,HVR,CG,41,Putative Capping Pore nsP1,LEU,HA,153959,245000,62.8
PRO736_CG-GLU44_HB2,736,PRO,HVR,CG,44,Putative Capping Pore nsP1,GLU,HB2,149926,245000,61.2
GLN751_OE1-ARG907_HH21,751,GLN,HVR,OE1,907,Macro Domain nsP3,ARG,HH21,134292,245000,54.8
GLN751_NE2-ARG907_HE,751,GLN,HVR,NE2,907,Macro Domain nsP3,ARG,HE,147076,245000,60.0
GLN751_NE2-ARG907_NH2,751,GLN,HVR,NE2,907,Macro Domain nsP3,ARG,NH2,160108,245000,65.4
GLN751_NE2-ARG907_HH21,751,GLN,HVR,NE2,907,Macro Domain nsP3,ARG,HH21,159264,245000,65.0
ASN768_HD21-GLU931_OE1,768,ASN,HVR,HD21,931,Macro Domain nsP3,GLU,OE1,196859,245000,80.4
ASN768_C-GLU931_OE1,768,ASN,HVR,C,931,Macro Domain nsP3,GLU,OE1,217385,245000,88.7
LYS786_CD-GLY1038_HA2,786,LYS,HVR,CD,1038,Helicase nsP4,GLY,HA2,131631,245000,53.7
PRO716_HG3-SER911_HB3,716,PRO,HVR,HG3,911,Macro Domain nsP3,SER,HB3,137079,245000,56.0
SER756_N-GLU931_H,756,SER,HVR,N,931,Macro Domain nsP3,GLU,H,141197,245000,57.6
SER756_N-PRO932_HD3,756,SER,HVR,N,932,Macro Domain nsP3,PRO,HD3,146395,245000,59.8
ASN768_CB-GLU931_OE1,768,ASN,HVR,CB,931,Macro Domain nsP3,GLU,OE1,159932,245000,65.3
ASN768_HD21-GLU931_O,768,ASN,HVR,HD21,931,Macro Domain nsP3,GLU,O,162354,245000,66.3
ASN768_HD22-GLU931_C,768,ASN,HVR,HD22,931,Macro Domain nsP3,GLU,C,130296,245000,53.2
ASN768_C-GLU931_HA,768,ASN,HVR,C,931,Macro Domain nsP3,GLU,HA,123444,245000,50.4
PRO769_HD3-GLU931_OE1,769,PRO,HVR,HD3,931,Macro Domain nsP3,GLU,OE1,142160,245000,58.0
THR792_HG1-SER809_H,792,THR,HVR,HG1,809,Macro Domain nsP3,SER,H,171353,245000,69.9
THR792_C-SER809_H,792,THR,HVR,C,809,Macro Domain nsP3,SER,H,172144,245000,70.3
PRO716_HB3-SER911_HB3,716,PRO,HVR,HB3,911,Macro Domain nsP3,SER,HB3,137626,245000,56.2
GLY729_HA3-ARG345_HB2,729,GLY,HVR,HA3,345,Putative Capping Pore nsP1,ARG,HB2,139083,245000,56.8
GLY729_HA3-ARG345_HB3,729,GLY,HVR,HA3,345,Putative Capping Pore nsP1,ARG,HB3,128415,245000,52.4
HIE732_HB3-TYR349_HD2,732,HIE,HVR,HB3,349,Putative Capping Pore nsP1,TYR,HD2,144340,245000,58.9
THR734_HG1-ALA364_H,734,THR,HVR,HG1,364,Putative Capping Pore nsP1,ALA,H,154835,245000,63.2
THR734_C-ALA364_H,734,THR,HVR,C,364,Putative Capping Pore nsP1,ALA,H,144192,245000,58.9
ILE740_CA-TYR349_OH,740,ILE,HVR,CA,349,Putative Capping Pore nsP1,TYR,OH,134691,245000,55.0
